"enrollment","scenario","pmp","ind1.rr0","ind1.rr1","ind2.rr0","ind2.rr1","ind3.rr0","ind3.rr1","ind4.rr0","ind4.rr1","PE.pm1","PE.pm2","PE.pm3","PE.pm4","PE.pp1","PE.pp2","PE.pp3","PE.pp4","HT.eff1","HT.eff2","HT.eff3","HT.eff4","HT.fut1","HT.fut2","HT.fut3","HT.fut4","HT.ind1","HT.ind2","HT.ind3","HT.ind4","HT.fwer","HT.ncr","SS.ave1","SS.ave2","SS.ave3","SS.ave4","SS.med1","SS.med2","SS.med3","SS.med4","SS.min1","SS.min2","SS.min3","SS.min4","SS.max1","SS.max2","SS.max3","SS.max4","DR.ave1","DR.ave2","DR.ave3","DR.ave4","DR.med1","DR.med2","DR.med3","DR.med4","DR.min1","DR.min2","DR.min3","DR.min4","DR.max1","DR.max2","DR.max3","DR.max4"
1,1,0,0.23,0.23,0.23,0.23,0.23,0.23,0.23,0.23,-0.00137895332782011,-0.00162186463811249,-0.00196978168596078,-0.00232935284673636,0.495911968,0.495890464,0.494408072,0.494317864,0.0154,0.0158,0.0148,0.0166,0.4734,0.4704,0.4828,0.4846,0.5112,0.5138,0.5024,0.4988,0.0384,0,55.4276,55.4066,55.3954,55.3572,58,58,58,58,29,29,31,30,58,58,58,58,37.5247791741851,37.5712043250992,37.5680617699048,37.6081085091854,37.3316638295549,37.3004191573322,37.3510817225235,37.4252252795764,22.734156476847,24.7393181270646,24.834033897744,23.7759869824426,56.6750742267,55.3361898918288,54.392303903228,54.7914009965624
1,2,0,0.23,0.23,0.23,0.23,0.23,0.23,0.23,0.5,0.031068438967228,0.0314071856148352,0.0312442692164242,0.168799498566817,0.646292840000001,0.647371312,0.64710172,0.87692332,0.054,0.053,0.06,0.3722,0.3064,0.299,0.2936,0.0692,0.6396,0.648,0.6464,0.5586,0.1184,0.3722,56.3238,56.3882,56.406,57.5812,58,58,58,58,33,31,30,30,58,58,58,58,37.6274561185222,37.5824704789102,37.4528130658996,37.6448655603849,37.4530659641665,37.4146556869629,37.2603668064579,37.3718372351274,24.6765314901041,24.0554103718142,24.6202533166311,23.0869771244154,57.0685369120966,58.175642923932,53.9768732047129,56.4109065190391
